manager_name,ppda,oppda,high_press_regains_90,npxgd_90,xg_per_shot,xg_sequence,big8_w,big8_l,big8_d,ko_win_rate,u23_minutes_pct,academy_debuts,injury_days_season,player_availability,squad_value_delta_m,net_spend_m,fan_sentiment_pct,media_vol_sigma,fit_index,potential_index,total_score,rank
Kieran McKenna,9.0,13.1,7.6,0.25,0.11,0.14,0,0,0,60,18,5,650,92,35,20,28,1.3,98.0,87.8,93.9,1
Roberto De Zerbi,8.8,12.1,8.8,0.22,0.11,0.14,8,9,5,50,14,4,840,87,150,-35,26,1.4,100.0,71.5,88.6,2
Thomas Frank,10.5,14.9,8.4,0.18,0.1,0.11,2,5,3,50,11,4,810,89,120,-50,29,1.2,90.4,66.5,80.8,3
Mauricio Pochettino,9.9,13.4,8.1,0.2,0.11,0.12,4,6,4,55,15,12,780,90,210,180,35,1.4,91.0,64.5,80.4,4
Xavi Hernández,8.2,12.4,6.5,0.23,0.12,0.13,7,6,6,45,22,6,950,85,70,70,22,1.6,95.2,44.2,74.8,5
Marco Silva,10.1,14.3,7.9,0.11,0.09,0.11,4,10,2,38,7,8,712,93,65,85,32,1.14,75.0,55.2,67.1,6
Oliver Glasner,11.8,15.8,7.2,0.14,0.1,0.1,5,7,3,60,4,2,900,88,40,40,24,1.3,63.9,60.7,62.6,7
Andoni Iraola,9.7,13.5,8.1,0.05,0.108,0.08,1,8,5,30,9,2,820,88,30,30,20,1.5,60.5,60.2,60.4,8
